address,transaction_count,avg_gas_limit,max_gas_limit,total_excess_gas,additional_gas_cost,total_additional_gas_cost,additional_cost_eth,total_additional_cost_eth,splits_required,total_splits_required,entity_name,category,notes,classified_at
0x22dcb4798abf95b96c18cb6aade0229ae8dda3e1,2555,19940818.61213307,20025269.0,8083004674.0,21000.0,53655000.0,1.35817439528137e-05,0.034701355799439,2.0,5110.0,MCT: MXENFT Token User,Other,,2025-07-07T09:45:27.341749
0xc87a8df3d07e06a929dc693245ef02630c848e85,2205,22766998.937414967,30000000.0,13207471377.0,21000.0,46305000.0,9.315296752028573e-06,0.020540229338223,2.0,4410.0,wywy.eth,MEV Bot,,2025-07-07T09:46:59.753125
0x78ec5c6265b45b9c98cf682665a00a3e8f085ffe,1712,25950212.55899533,36000000.0,15704170109.0,21000.0,35952000.0,1.0912745092661214e-05,0.018682619598636,2.0,3424.0,XEN User #1,Other,,2025-07-07T09:47:29.438503
0x2a8b49767e70fb65d477f8881ecf8023add8941c,1559,34411391.61962797,35947097.0,27491679791.0,42000.0,65478000.0,2.1574506549436816e-05,0.0336346557105719,3.0,4677.0,XEN User #2,Other,,2025-07-07T09:48:04.198014
0xcde69d6418004b2e44b101121bf72397adc696ff,1543,23456519.52235904,32400000.0,10306165335.0,21000.0,32403000.0,1.0229690667530785e-05,0.0157844126999999,2.0,3086.0,XEN User #3,Other,,2025-07-07T09:48:22.251958
0x61fbb052daf37a3b50616669a10c4778f08f3c6f,1345,19439481.85055762,32400000.0,3580747569.0,21000.0,28245000.0,8.488015732837919e-06,0.011416381160667,2.0,2690.0,aifi2025.eth,Unknown,,2025-07-07T09:49:10.404277
0x4abf0b30452399793ff3a90ac016072b12f5ff32,1287,20403859.42035742,25267151.0,4667490082.0,21000.0,27027000.0,1.1743186970454545e-05,0.015113481630975,2.0,2574.0,liudaoyyds.eth,Unknown,,2025-07-07T09:49:37.591653
0xd6aaaa96ed06389effbf0afb0b028c5b23a5ee77,1189,24467657.14634146,25416303.0,9143934523.0,21000.0,24969000.0,7.141004962153069e-06,0.0084906548999999,2.0,2378.0,XEN User #4,Other,,2025-07-07T09:49:59.709599
0x7340d1918ff7e6df680745985086ad350a2b5678,1100,20093929.04909091,20094357.0,3648384354.0,21000.0,23100000.0,8.243346391941818e-06,0.009067681031136,2.0,2200.0,XEN User #5,Unknown,,2025-07-07T09:50:15.521080
0xb5b3f3f443fe3c1a42b6507ae211df69ac40c8d9,1089,19461631.64279155,34508005.0,2923328635.0,21000.0,22869000.0,9.632291184573002e-06,0.0104895650999999,2.0,2178.0,XEN User #6,Unknown,,2025-07-07T09:50:33.182524
0x9735776a06bcf178b3ca198230e178fe74333333,1031,20093896.34917556,20094357.0,3419497440.0,21000.0,21651000.0,8.682534430021338e-06,0.0089516929973519,2.0,2062.0,XEN User #7,Other,,2025-07-07T09:50:47.304523
0x23ab825aaffe678f6473133f7a7a90ab49f5b391,979,34104143.86516854,35935818.0,16963062380.0,42000.0,41118000.0,2.3056610088851885e-05,0.0225724212769859,3.0,2937.0,XEN User #8,Other,,2025-07-07T09:51:05.971465
0xa54d7d28bba53f816b2d8cf306aa985ddfc427e7,924,19500000.0,19500000.0,2515852416.0,21000.0,19404000.0,9.663540570909093e-06,0.00892911148752,2.0,1848.0,XEN User #9,Other,,2025-07-07T09:51:29.605559
0x70b00f8ffbaccbf662aff76dce82058296b46af9,882,20023996.55668934,20025269.0,2863660451.0,21000.0,18522000.0,8.758044659285715e-06,0.00772459538949,2.0,1764.0,XEN User #10,Other,,2025-07-07T09:51:47.464031
0x75c51351584199cdb072826c515cd08830ab4a0f,864,30209491.54976852,33737454.0,11605486075.0,21000.0,18144000.0,1.378996738709722e-05,0.011914531822452,2.0,1728.0,XEN User #11,Other,,2025-07-07T09:52:00.755719
0x07a4ae312eb8ba5b4f65de06da50cab3df648573,767,28950915.601043023,34200000.0,9337227594.0,21000.0,16107000.0,9.959132150984356e-06,0.007638654359805,2.0,1534.0,XEN User #12,Other,,2025-07-07T09:52:21.086144
0x4fb9bbb1838ee0acb7b4d2e519a4c233198499fb,761,26021000.0,26021000.0,7034519624.0,21000.0,15981000.0,2.4836837084412614e-05,0.018900833021238,2.0,1522.0,Fake Phishing,Other,,2025-07-07T09:52:45.496754
0x97d618e3a0afeccfb5c50b5df258cd7e48650510,757,20000000.0,20000000.0,2439647488.0,21000.0,15897000.0,1.17458422814465e-05,0.008891602607055,2.0,1514.0,Batch Sender #1,Batch Processor,,2025-07-07T09:53:37.172673
0xee67263be078df8ce3f55d5bcc1d23eb0cdc61bb,658,26968965.00455927,32400000.0,6706170845.0,21000.0,13818000.0,1.3313507338723403e-05,0.00876028782888,2.0,1316.0,XEN User #13,Other,,2025-07-07T09:53:54.835331
0xe81cfa76a9579686de04749c6c0d404e3b4a60b8,652,20141795.44018405,30221102.0,2193705795.0,21000.0,13692000.0,1.2190810204334356e-05,0.007948408253226,2.0,1304.0,XEN User #14,Other,,2025-07-07T09:54:07.639465
0x6582b7c80df319553a988f62436b8a1be6b2b24c,646,32719694.74767802,34200000.0,10298841271.0,21000.0,13566000.0,1.040552734846904e-05,0.006721970667111,2.0,1292.0,XEN User #15,Other,,2025-07-07T09:54:22.779291
0x6896e929ab60d400a58b43fb536d61390b0c297f,620,20023589.60645161,20023633.0,2012751636.0,21000.0,13020000.0,1.2115143064296771e-05,0.0075113886998639,2.0,1240.0,XEN User #16,Other,,2025-07-07T09:54:38.707454
0xff0581a78019c65f3257429e053863304f555555,587,20093942.85519591,20095305.0,1946918664.0,21000.0,12327000.0,8.681939758456558e-06,0.005096298638214,2.0,1174.0,XEN User #17,Other,,2025-07-07T09:55:01.368495
0x18ada7d787e0adfbe12ea7b1dfc753d9eef97a01,578,20024705.74394464,20025269.0,1877049072.0,21000.0,12138000.0,7.811246767894462e-06,0.0045149006318429,2.0,1156.0,XEN User #19,Other,,2025-07-07T09:55:14.656618
0x4f9e5e395bb7fa1a738e3bedc4dd7ceb98fc71f9,544,30196654.35845588,30222366.0,7300174467.0,21000.0,11424000.0,7.689798337902574e-06,0.004183250295819,2.0,1088.0,XEN User #20,Other,,2025-07-07T09:55:29.097273
0xe15e8a83416bb2791ba6c4b7cc51f4bec35198b1,530,20023626.828301888,20023633.0,1720597739.0,21000.0,11130000.0,1.0154665022745285e-05,0.005381972462055,2.0,1060.0,XEN User #15,Other,,2025-07-07T11:17:29.318561
0x13d836ce6353f9aaf99606968775337d0b7411cf,491,30200806.53767821,30222366.0,6590982954.0,21000.0,10311000.0,7.507190744077393e-06,0.0036860306553419,2.0,982.0,XEN User #16,Other,,2025-07-07T11:17:45.725022
0x5fbca865c4fe63967e7ad2cb13d8ffee75c53e09,477,17576564.968553457,17661497.0,381289458.0,21000.0,10017000.0,9.748050314465407e-06,0.00464982,2.0,954.0,XEN User #17,Other,,2025-07-07T11:17:57.886961
0x076f1e43502fa3ee9854eeb34edee2091219e2f6,404,27586076.73267327,29323000.0,4366779736.0,21000.0,8484000.0,1.3659811773965343e-05,0.0055185639566819,2.0,808.0,XEN User #18,Other,,2025-07-07T11:18:14.746835
0x3f240ed97ecedc4cf7491a4e708f978cd98bfb59,400,25520000.0,25600000.0,3497113600.0,21000.0,8400000.0,1.56587643437925e-05,0.006263505737517,2.0,800.0,XEN User #19,Other,,2025-07-07T11:18:30.989677
0x4ff2edb4076830b3f6aa538b09bca861f63eab29,393,33350399.34860051,34681538.0,6513261056.0,21000.0,8253000.0,1.083353888619084e-05,0.004257580782273,2.0,786.0,XEN User #20,Other,,2025-07-07T11:18:42.635355
